P_ID,DEPTH,LOC,ORDER,t01,t02,t03,t04,t05,t06,t07,t08,t09,t10,t11,t12,t13,STIMULI
p2_001,2,R,m,19,29,20,18,21,1,17,3,22,16,23,31,15,1
p2_001,3,L,a,9,13,3,16,11,10,15,1,14,12,31,29,17,2
p2_001,2,C,b,20,29,19,17,18,1,16,31,14,15,13,3,12,4
p2_001,3,C,f,12,3,13,15,14,31,16,29,18,17,19,1,20,3
p2_002,2,R,b,23,3,22,20,21,31,19,29,17,18,16,1,15,2
p2_002,3,L,f,9,1,10,12,11,29,13,3,15,14,16,31,17,4
p2_002,3,C,a,1,12,14,13,16,31,15,3,19,17,18,29,20,3
p2_002,2,L,m,13,31,14,12,15,29,11,3,16,10,17,1,9,1
p2_003,3,R,a,22,15,31,16,21,17,18,1,20,23,19,29,3,2
p2_003,3,L,b,17,1,16,14,15,29,13,31,11,12,10,3,9,1
p2_003,2,C,m,16,3,17,15,18,1,14,29,19,13,20,31,12,3
p2_003,2,R,f,15,3,16,18,17,1,19,31,21,20,22,29,23,4
p2_004,2,C,a,29,14,12,13,15,16,3,1,17,19,18,31,20,4
p2_004,3,L,m,13,3,12,14,11,31,15,1,10,16,9,29,17,1
p2_004,3,R,f,15,29,16,18,17,31,19,3,21,20,22,1,23,2
p2_004,2,L,b,17,29,16,14,15,3,13,1,11,12,10,31,9,3
p2_005,2,L,a,17,9,31,10,1,13,29,14,11,3,16,12,15,4
p2_005,3,C,m,16,29,17,15,18,3,14,1,19,13,20,31,12,1
p2_005,3,R,b,23,1,22,20,21,3,19,29,17,18,16,31,15,3
p2_005,2,C,f,12,3,13,15,14,31,16,29,18,17,19,1,20,2
p2_006,2,R,a,15,16,31,18,3,29,23,19,21,22,1,17,20,1
p2_006,2,L,f,9,3,10,12,11,29,13,31,15,14,16,1,17,4
p2_006,3,C,b,20,29,19,17,18,3,16,1,14,15,13,31,12,3
p2_006,3,R,m,19,3,18,20,17,1,21,31,16,22,15,29,23,2
p2_007,2,L,a,9,16,11,1,17,29,10,3,12,14,31,13,15,4
p2_007,3,C,m,16,29,17,15,18,3,14,1,19,13,20,31,12,1
p2_007,3,R,b,23,1,22,20,21,3,19,29,17,18,16,31,15,3
p2_007,2,C,f,12,3,13,15,14,31,16,29,18,17,19,1,20,2
p2_008,2,C,a,12,29,16,3,17,1,15,18,19,13,20,31,14,4
p2_008,3,L,m,13,3,12,14,11,31,15,1,10,16,9,29,17,1
p2_008,3,R,f,15,29,16,18,17,31,19,3,21,20,22,1,23,2
p2_008,2,L,b,17,29,16,14,15,3,13,1,11,12,10,31,9,3
p2_009,2,R,b,23,3,22,20,21,31,19,29,17,18,16,1,15,2
p2_009,3,L,f,9,1,10,12,11,29,13,3,15,14,16,31,17,4
p2_009,3,C,a,18,19,29,31,17,12,20,14,13,1,15,16,3,3
p2_009,2,L,m,13,31,14,12,15,29,11,3,16,10,17,1,9,1
p2_010,3,L,a,12,9,17,15,10,11,16,3,31,14,13,29,1,4
p2_010,2,R,m,19,29,20,18,21,3,17,1,22,16,23,31,15,1
p2_010,3,C,f,12,1,13,15,14,3,16,29,18,17,19,31,20,3
p2_010,2,C,b,20,3,19,17,18,31,16,29,14,15,13,1,12,2
p2_011,2,R,a,20,17,29,21,15,1,19,23,3,31,22,16,18,1
p2_011,2,L,f,9,3,10,12,11,29,13,31,15,14,16,1,17,4
p2_011,3,C,b,20,29,19,17,18,3,16,1,14,15,13,31,12,3
p2_011,3,R,m,19,3,18,20,17,1,21,31,16,22,15,29,23,2
p2_012,3,C,m,16,3,17,15,18,31,14,29,19,13,20,1,12,2
p2_012,3,R,b,23,1,22,20,21,29,19,3,17,18,16,31,15,4
p2_012,2,L,a,3,16,17,31,29,15,9,13,11,1,12,14,10,3
p2_012,2,C,f,12,1,13,15,14,3,16,29,18,17,19,31,20,1
p2_013,2,C,a,15,12,29,19,3,1,13,18,16,20,17,14,31,1
p2_013,2,L,b,17,1,16,14,15,3,13,31,11,12,10,29,9,2
p2_013,3,L,m,13,1,12,14,11,29,15,31,10,16,9,3,17,4
p2_013,3,R,f,15,1,16,18,17,31,19,3,21,20,22,29,23,3
p2_014,3,R,a,3,23,16,21,29,31,18,20,17,1,15,22,19,1
p2_014,2,C,m,16,31,15,17,14,29,18,1,13,19,12,3,20,4
p2_014,2,R,f,15,29,16,18,17,31,19,3,21,20,22,1,23,3
p2_014,3,L,b,17,31,16,14,15,29,13,3,11,12,10,1,9,2
p2_015,3,L,a,10,13,11,16,12,17,3,31,29,1,15,9,14,3
p2_015,3,C,f,12,1,13,15,14,29,16,31,18,17,19,3,20,4
p2_015,2,C,b,20,1,19,17,18,3,16,31,14,15,13,29,12,1
p2_015,2,R,m,19,1,18,20,17,29,21,31,16,22,15,3,23,2
p2_016,2,L,a,9,3,13,16,29,1,10,17,11,14,12,15,31,1
p2_016,3,C,m,16,29,15,17,14,3,18,1,13,19,12,31,20,4
p2_016,2,C,f,12,29,13,15,14,31,16,3,18,17,19,1,20,3
p2_016,3,R,b,23,1,22,20,21,29,19,31,17,18,16,3,15,2
p2_017,3,C,a,1,14,19,20,15,16,12,31,29,17,3,13,18,4
p2_017,2,R,b,23,29,22,20,21,3,19,1,17,18,16,31,15,1
p2_017,3,L,f,9,1,10,12,11,29,13,31,15,14,16,3,17,3
p2_017,2,L,m,13,29,12,14,11,3,15,31,10,16,9,1,17,2
p2_018,2,C,b,20,31,19,17,18,1,16,29,14,15,13,3,12,1
p2_018,3,C,f,12,3,13,15,14,1,16,31,18,17,19,29,20,2
p2_018,3,L,a,11,9,16,29,31,14,13,1,12,17,15,10,3,3
p2_018,2,R,m,19,1,18,20,17,29,21,31,16,22,15,3,23,4
p2_019,3,L,f,9,31,10,12,11,1,13,3,15,14,16,29,17,2
p2_019,2,R,b,23,31,22,20,21,1,19,29,17,18,16,3,15,1
p2_019,3,C,a,12,3,15,29,13,18,14,31,1,16,19,17,20,4
p2_019,2,L,m,13,3,12,14,11,31,15,29,10,16,9,1,17,3
p2_020,2,R,a,1,16,15,3,19,17,29,18,31,20,22,21,23,1
p2_020,2,L,f,9,1,10,12,11,3,13,31,15,14,16,29,17,2
p2_020,3,C,b,20,29,19,17,18,3,16,1,14,15,13,31,12,4
p2_020,3,R,m,19,29,20,18,21,31,17,3,22,16,23,1,15,3
p2_021,2,R,f,15,1,16,18,17,31,19,29,21,20,22,3,23,1
p2_021,3,R,a,21,22,29,15,3,16,23,18,17,19,31,20,1,2
p2_021,2,C,m,16,29,15,17,14,1,18,3,13,19,12,31,20,4
p2_021,3,L,b,17,1,16,14,15,3,13,31,11,12,10,29,9,3
p2_022,2,L,b,17,3,16,14,15,1,13,29,11,12,10,31,9,1
p2_022,3,L,m,13,3,14,12,15,29,11,1,16,10,17,31,9,3
p2_022,2,C,a,18,14,17,13,29,31,20,15,12,3,19,1,16,4
p2_022,3,R,f,15,1,16,18,17,31,19,29,21,20,22,3,23,2
p2_023,2,L,f,9,29,10,12,11,3,13,31,15,14,16,1,17,3
p2_023,3,R,m,19,1,18,20,17,31,21,3,16,22,15,29,23,4
p2_023,3,C,b,20,29,19,17,18,31,16,1,14,15,13,3,12,2
p2_023,2,R,a,16,18,1,29,23,17,3,31,15,22,19,21,20,1
p2_024,2,C,b,20,29,19,17,18,31,16,1,14,15,13,3,12,4
p2_024,3,C,f,12,31,13,15,14,3,16,29,18,17,19,1,20,3
p2_024,2,R,m,19,29,18,20,17,31,21,1,16,22,15,3,23,1
p2_024,3,L,a,29,12,15,9,11,13,3,10,31,14,17,1,16,2
p2_025,3,C,m,16,3,17,15,18,31,14,29,19,13,20,1,12,2
p2_025,3,R,b,23,1,22,20,21,29,19,3,17,18,16,31,15,4
p2_025,2,L,a,15,13,14,9,29,11,17,31,10,16,12,3,1,3
p2_025,2,C,f,12,1,13,15,14,3,16,29,18,17,19,31,20,1
p2_026,3,C,a,15,29,18,3,1,31,13,14,16,12,19,17,20,1
p2_026,2,L,m,13,29,12,14,11,3,15,31,10,16,9,1,17,2
p2_026,2,R,b,23,1,22,20,21,3,19,29,17,18,16,31,15,4
p2_026,3,L,f,9,1,10,12,11,31,13,3,15,14,16,29,17,3
p2_027,2,C,m,16,1,17,15,18,31,14,29,19,13,20,3,12,2
p2_027,2,R,f,15,1,16,18,17,31,19,3,21,20,22,29,23,3
p2_027,3,R,a,15,29,3,16,17,23,18,21,20,1,19,31,22,4
p2_027,3,L,b,17,1,16,14,15,29,13,31,11,12,10,3,9,1
p2_028,3,L,m,13,29,14,12,15,1,11,3,16,10,17,31,9,1
p2_028,2,C,a,12,1,15,19,16,18,14,31,29,13,17,3,20,2
p2_028,3,R,f,15,29,16,18,17,1,19,31,21,20,22,3,23,4
p2_028,2,L,b,17,3,16,14,15,31,13,29,11,12,10,1,9,3
p2_029,2,R,f,15,31,16,18,17,29,19,3,21,20,22,1,23,3
p2_029,3,L,b,17,31,16,14,15,29,13,1,11,12,10,3,9,4
p2_029,2,C,m,16,29,15,17,14,3,18,31,13,19,12,1,20,1
p2_029,3,R,a,22,17,19,31,16,21,20,3,29,18,23,1,15,2
p2_030,3,R,m,19,31,20,18,21,29,17,1,22,16,23,3,15,3
p2_030,2,R,a,3,22,15,16,18,1,23,29,20,21,17,31,19,1
p2_030,2,L,f,9,3,10,12,11,31,13,1,15,14,16,29,17,4
p2_030,3,C,b,20,1,19,17,18,3,16,29,14,15,13,31,12,2
p2_031,3,C,m,16,31,17,15,18,3,14,29,19,13,20,1,12,4
p2_031,2,L,a,11,10,31,1,29,17,12,9,14,13,15,3,16,1
p2_031,3,R,b,23,31,22,20,21,3,19,1,17,18,16,29,15,2
p2_031,2,C,f,12,31,13,15,14,1,16,29,18,17,19,3,20,3
p2_032,2,C,b,20,31,19,17,18,3,16,1,14,15,13,29,12,4
p2_032,2,R,m,19,1,20,18,21,31,17,29,22,16,23,3,15,1
p2_032,3,C,f,12,31,13,15,14,29,16,3,18,17,19,1,20,2
p2_032,3,L,a,17,3,29,14,16,10,15,12,1,13,9,11,31,3
p2_033,3,L,f,9,1,10,12,11,29,13,3,15,14,16,31,17,2
p2_033,3,C,a,12,3,1,29,18,20,13,19,17,14,31,15,16,1
p2_033,2,R,b,23,31,22,20,21,29,19,1,17,18,16,3,15,3
p2_033,2,L,m,13,3,12,14,11,29,15,31,10,16,9,1,17,4
p2_034,2,L,f,9,31,10,12,11,29,13,1,15,14,16,3,17,3
p2_034,3,C,b,20,1,19,17,18,31,16,3,14,15,13,29,12,2
p2_034,2,R,a,29,23,1,3,20,19,22,31,15,21,17,16,18,4
p2_034,3,R,m,19,29,20,18,21,31,17,1,22,16,23,3,15,1
p2_035,2,R,m,19,3,20,18,21,29,17,31,22,16,23,1,15,3
p2_035,3,L,a,29,1,10,9,14,12,16,11,31,17,3,15,13,1
p2_035,2,C,b,20,31,19,17,18,1,16,3,14,15,13,29,12,4
p2_035,3,C,f,12,1,13,15,14,29,16,3,18,17,19,31,20,2
p2_036,3,C,a,17,14,19,31,1,3,18,16,15,12,29,13,20,1
p2_036,2,L,m,13,3,14,12,15,31,11,29,16,10,17,1,9,3
p2_036,2,R,b,23,3,22,20,21,29,19,1,17,18,16,31,15,2
p2_036,3,L,f,9,29,10,12,11,3,13,1,15,14,16,31,17,4
p2_037,2,L,a,17,3,15,13,1,10,14,31,29,12,16,9,11,3
p2_037,2,C,f,12,29,13,15,14,31,16,1,18,17,19,3,20,2
p2_037,3,R,b,23,31,22,20,21,29,19,3,17,18,16,1,15,4
p2_037,3,C,m,16,29,17,15,18,31,14,1,19,13,20,3,12,1
p2_038,2,L,b,17,3,16,14,15,31,13,29,11,12,10,1,9,3
p2_038,3,R,f,15,29,16,18,17,1,19,31,21,20,22,3,23,4
p2_038,3,L,m,13,3,12,14,11,29,15,1,10,16,9,31,17,1
p2_038,2,C,a,31,20,14,18,29,15,16,12,19,17,3,1,13,2
p2_039,2,R,b,23,29,22,20,21,3,19,31,17,18,16,1,15,2
p2_039,2,L,m,13,1,14,12,15,3,11,29,16,10,17,31,9,4
p2_039,3,L,f,9,29,10,12,11,1,13,3,15,14,16,31,17,3
p2_039,3,C,a,12,14,15,31,18,3,13,29,16,1,20,17,19,1
p2_040,3,R,f,15,3,16,18,17,31,19,29,21,20,22,1,23,4
p2_040,2,L,b,17,1,16,14,15,29,13,3,11,12,10,31,9,1
p2_040,2,C,a,15,14,19,29,1,17,3,13,31,20,18,16,12,2
p2_040,3,L,m,13,31,14,12,15,29,11,1,16,10,17,3,9,3
p2_041,3,C,b,20,29,19,17,18,31,16,1,14,15,13,3,12,1
p2_041,2,L,f,9,31,10,12,11,3,13,1,15,14,16,29,17,3
p2_041,3,R,m,19,29,20,18,21,3,17,31,22,16,23,1,15,2
p2_041,2,R,a,17,1,20,31,23,21,18,22,19,16,3,15,29,4
p2_042,2,R,m,19,31,20,18,21,1,17,3,22,16,23,29,15,4
p2_042,2,C,b,20,31,19,17,18,3,16,1,14,15,13,29,12,1
p2_042,3,C,f,12,1,13,15,14,29,16,31,18,17,19,3,20,2
p2_042,3,L,a,11,29,31,16,15,1,12,3,14,13,17,10,9,3
p2_043,3,L,a,13,3,1,12,14,10,29,11,15,16,31,9,17,4
p2_043,2,C,b,20,1,19,17,18,3,16,29,14,15,13,31,12,2
p2_043,3,C,f,12,3,13,15,14,29,16,1,18,17,19,31,20,1
p2_043,2,R,m,19,31,18,20,17,1,21,3,16,22,15,29,23,3
p2_044,2,R,b,23,3,22,20,21,31,19,29,17,18,16,1,15,2
p2_044,3,L,f,9,1,10,12,11,29,13,3,15,14,16,31,17,4
p2_044,3,C,a,29,14,12,3,16,20,15,1,13,18,19,17,31,3
p2_044,2,L,m,13,31,14,12,15,29,11,3,16,10,17,1,9,1
p2_045,3,C,f,12,3,13,15,14,1,16,31,18,17,19,29,20,2
p2_045,2,C,b,20,29,19,17,18,31,16,1,14,15,13,3,12,3
p2_045,3,L,a,31,12,11,10,14,29,9,13,17,1,16,15,3,1
p2_045,2,R,m,19,31,18,20,17,1,21,29,16,22,15,3,23,4
p2_046,2,C,a,3,15,17,31,1,20,29,18,19,12,13,14,16,4
p2_046,3,L,m,13,3,12,14,11,31,15,1,10,16,9,29,17,1
p2_046,3,R,f,15,29,16,18,17,31,19,3,21,20,22,1,23,2
p2_046,2,L,b,17,29,16,14,15,3,13,1,11,12,10,31,9,3
p2_047,2,R,a,17,20,16,29,15,3,21,23,31,22,19,18,1,1
p2_047,2,L,f,9,3,10,12,11,29,13,31,15,14,16,1,17,4
p2_047,3,C,b,20,29,19,17,18,3,16,1,14,15,13,31,12,3
p2_047,3,R,m,19,3,18,20,17,1,21,31,16,22,15,29,23,2
p2_048,2,C,f,12,31,13,15,14,1,16,29,18,17,19,3,20,1
p2_048,3,C,m,16,29,15,17,14,3,18,1,13,19,12,31,20,2
p2_048,2,L,a,10,17,1,16,3,14,11,29,13,9,12,31,15,3
p2_048,3,R,b,23,29,22,20,21,31,19,3,17,18,16,1,15,4
p2_049,3,C,b,20,3,19,17,18,1,16,31,14,15,13,29,12,1
p2_049,2,L,f,9,3,10,12,11,29,13,1,15,14,16,31,17,3
p2_049,3,R,m,19,31,20,18,21,3,17,29,22,16,23,1,15,2
p2_049,2,R,a,23,17,19,31,20,21,15,18,1,29,3,16,22,4
p2_050,2,L,m,13,3,12,14,11,31,15,1,10,16,9,29,17,2
p2_050,3,L,f,9,29,10,12,11,3,13,31,15,14,16,1,17,1
p2_050,2,R,b,23,29,22,20,21,31,19,3,17,18,16,1,15,3
p2_050,3,C,a,14,13,16,1,18,3,29,19,20,17,12,15,31,4
p2_051,3,L,a,9,15,17,11,1,29,3,10,12,14,31,16,13,2
p2_051,2,C,b,20,29,19,17,18,1,16,31,14,15,13,3,12,4
p2_051,2,R,m,19,29,18,20,17,1,21,31,16,22,15,3,23,3
p2_051,3,C,f,12,29,13,15,14,1,16,3,18,17,19,31,20,1
p2_052,3,L,b,17,1,16,14,15,3,13,29,11,12,10,31,9,4
p2_052,2,R,f,15,29,16,18,17,1,19,3,21,20,22,31,23,1
p2_052,2,C,m,16,1,17,15,18,31,14,29,19,13,20,3,12,3
p2_052,3,R,a,1,21,22,23,17,20,15,29,18,31,3,16,19,2
p2_053,2,L,a,31,17,11,1,12,14,9,16,13,3,10,29,15,4
p2_053,3,C,m,16,29,17,15,18,3,14,1,19,13,20,31,12,1
p2_053,3,R,b,23,1,22,20,21,3,19,29,17,18,16,31,15,3
p2_053,2,C,f,12,3,13,15,14,31,16,29,18,17,19,1,20,2
p2_054,2,R,a,1,17,16,29,3,21,23,18,15,20,19,22,31,1
p2_054,2,L,f,9,3,10,12,11,29,13,31,15,14,16,1,17,4
p2_054,3,C,b,20,29,19,17,18,3,16,1,14,15,13,31,12,3
p2_054,3,R,m,19,3,18,20,17,1,21,31,16,22,15,29,23,2
p2_055,2,C,a,3,1,12,19,18,29,17,15,13,31,20,16,14,4
p2_055,3,L,m,13,3,12,14,11,31,15,1,10,16,9,29,17,1
p2_055,3,R,f,15,29,16,18,17,31,19,3,21,20,22,1,23,2
p2_055,2,L,b,17,29,16,14,15,3,13,1,11,12,10,31,9,3
p2_056,3,R,a,31,3,20,19,15,22,29,18,1,23,16,17,21,2
p2_056,3,L,b,17,1,16,14,15,29,13,31,11,12,10,3,9,1
p2_056,2,C,m,16,3,17,15,18,1,14,29,19,13,20,31,12,3
p2_056,2,R,f,15,3,16,18,17,1,19,31,21,20,22,29,23,4
p2_057,3,C,f,12,3,13,15,14,1,16,31,18,17,19,29,20,2
p2_057,2,C,b,20,29,19,17,18,31,16,1,14,15,13,3,12,3
p2_057,3,L,a,17,16,10,3,15,29,13,14,1,9,12,11,31,1
p2_057,2,R,m,19,31,18,20,17,1,21,29,16,22,15,3,23,4
p2_058,2,L,b,17,29,16,14,15,3,13,31,11,12,10,1,9,2
p2_058,3,L,m,13,3,12,14,11,29,15,1,10,16,9,31,17,3
p2_058,2,C,a,12,16,1,3,18,20,29,15,13,14,17,31,19,4
p2_058,3,R,f,15,29,16,18,17,1,19,31,21,20,22,3,23,1
p2_059,2,R,m,19,31,20,18,21,1,17,29,22,16,23,3,15,3
p2_059,3,C,f,12,29,13,15,14,3,16,1,18,17,19,31,20,1
p2_059,3,L,a,15,1,14,11,9,12,10,17,31,13,16,29,3,4
p2_059,2,C,b,20,29,19,17,18,31,16,3,14,15,13,1,12,2
p2_060,3,R,m,19,31,20,18,21,3,17,29,22,16,23,1,15,4
p2_060,2,L,f,9,3,10,12,11,1,13,31,15,14,16,29,17,3
p2_060,3,C,b,20,1,19,17,18,3,16,31,14,15,13,29,12,1
p2_060,2,R,a,3,15,20,17,21,22,23,18,16,31,1,29,19,2
p2_061,3,C,a,3,13,31,19,1,14,12,20,15,16,29,17,18,2
p2_061,2,L,m,13,29,14,12,15,3,11,31,16,10,17,1,9,4
p2_061,2,R,b,23,29,22,20,21,3,19,31,17,18,16,1,15,3
p2_061,3,L,f,9,29,10,12,11,3,13,1,15,14,16,31,17,1
p2_062,3,R,f,15,1,16,18,17,29,19,3,21,20,22,31,23,3
p2_062,2,L,b,17,29,16,14,15,31,13,3,11,12,10,1,9,1
p2_062,2,C,a,15,17,14,20,18,13,1,3,12,31,29,19,16,4
p2_062,3,L,m,13,31,14,12,15,1,11,3,16,10,17,29,9,2
p2_063,2,C,m,16,29,17,15,18,31,14,3,19,13,20,1,12,2
p2_063,2,R,f,15,29,16,18,17,31,19,1,21,20,22,3,23,4
p2_063,3,R,a,15,18,21,3,20,31,23,16,29,22,19,17,1,1
p2_063,3,L,b,17,29,16,14,15,1,13,3,11,12,10,31,9,3
p2_064,3,L,a,3,1,17,11,13,9,10,16,31,14,12,29,15,2
p2_064,2,R,m,19,29,20,18,21,3,17,1,22,16,23,31,15,3
p2_064,3,C,f,12,31,13,15,14,29,16,1,18,17,19,3,20,4
p2_064,2,C,b,20,29,19,17,18,1,16,31,14,15,13,3,12,1
p2_065,3,C,m,16,31,15,17,14,3,18,1,13,19,12,29,20,4
p2_065,2,L,a,3,1,10,9,11,29,17,14,12,31,16,13,15,3
p2_065,2,C,f,12,1,13,15,14,3,16,29,18,17,19,31,20,2
p2_065,3,R,b,23,1,22,20,21,29,19,3,17,18,16,31,15,1
p2_066,3,L,f,9,31,10,12,11,1,13,3,15,14,16,29,17,4
p2_066,3,C,a,18,12,29,15,14,31,13,3,1,17,16,19,20,1
p2_066,2,L,m,13,29,14,12,15,1,11,3,16,10,17,31,9,3
p2_066,2,R,b,23,29,22,20,21,31,19,1,17,18,16,3,15,2
p2_067,2,C,a,12,29,19,17,3,1,20,15,18,13,16,14,31,2
p2_067,2,L,b,17,3,16,14,15,29,13,1,11,12,10,31,9,1
p2_067,3,L,m,13,3,12,14,11,29,15,1,10,16,9,31,17,3
p2_067,3,R,f,15,3,16,18,17,1,19,31,21,20,22,29,23,4
p2_068,3,R,m,19,1,18,20,17,3,21,31,16,22,15,29,23,3
p2_068,2,L,f,9,1,10,12,11,3,13,31,15,14,16,29,17,2
p2_068,2,R,a,3,16,15,21,17,29,22,20,23,18,1,19,31,1
p2_068,3,C,b,20,29,19,17,18,1,16,31,14,15,13,3,12,4
p2_069,3,R,a,21,23,17,29,15,3,1,16,20,31,18,22,19,3
p2_069,2,C,m,16,29,15,17,14,3,18,31,13,19,12,1,20,4
p2_069,3,L,b,17,31,16,14,15,29,13,1,11,12,10,3,9,2
p2_069,2,R,f,15,31,16,18,17,1,19,3,21,20,22,29,23,1
p2_070,2,C,b,20,29,19,17,18,1,16,3,14,15,13,31,12,3
p2_070,3,C,f,12,29,13,15,14,3,16,31,18,17,19,1,20,4
p2_070,3,L,a,10,9,11,31,12,29,13,3,15,1,14,16,17,2
p2_070,2,R,m,19,29,18,20,17,1,21,3,16,22,15,31,23,1
p2_071,2,L,a,17,12,3,1,15,13,11,9,14,31,10,16,29,1
p2_071,3,C,m,16,1,17,15,18,3,14,31,19,13,20,29,12,4
p2_071,3,R,b,23,1,22,20,21,29,19,31,17,18,16,3,15,3
p2_071,2,C,f,12,1,13,15,14,3,16,31,18,17,19,29,20,2
p2_072,2,L,m,13,29,12,14,11,1,15,31,10,16,9,3,17,2
p2_072,3,C,a,20,12,31,29,13,1,15,17,18,14,3,16,19,1
p2_072,2,R,b,23,31,22,20,21,29,19,1,17,18,16,3,15,4
p2_072,3,L,f,9,29,10,12,11,31,13,1,15,14,16,3,17,3
p2_073,2,C,a,14,17,16,3,29,31,12,1,18,13,20,19,15,2
p2_073,3,L,m,13,31,14,12,15,3,11,29,16,10,17,1,9,4
p2_073,2,L,b,17,3,16,14,15,29,13,1,11,12,10,31,9,1
p2_073,3,R,f,15,29,16,18,17,31,19,3,21,20,22,1,23,3
p2_074,2,C,b,20,31,19,17,18,3,16,29,14,15,13,1,12,1
p2_074,2,R,m,19,3,20,18,21,31,17,29,22,16,23,1,15,4
p2_074,3,C,f,12,29,13,15,14,1,16,3,18,17,19,31,20,3
p2_074,3,L,a,9,11,1,13,29,10,17,31,14,12,16,15,3,2
p2_075,3,C,b,20,3,19,17,18,29,16,1,14,15,13,31,12,2
p2_075,2,R,a,19,21,18,15,31,29,1,3,16,17,20,23,22,4
p2_075,3,R,m,19,29,18,20,17,31,21,1,16,22,15,3,23,3
p2_075,2,L,f,9,3,10,12,11,29,13,31,15,14,16,1,17,1
p2_076,3,R,b,23,31,22,20,21,3,19,29,17,18,16,1,15,4
p2_076,2,C,f,12,29,13,15,14,31,16,3,18,17,19,1,20,1
p2_076,3,C,m,16,3,17,15,18,1,14,29,19,13,20,31,12,3
p2_076,2,L,a,9,29,15,14,1,12,3,11,31,10,13,16,17,2
p2_077,2,L,f,9,1,10,12,11,31,13,29,15,14,16,3,17,2
p2_077,2,R,a,31,16,3,20,15,21,19,17,22,18,1,29,23,4
p2_077,3,R,m,19,3,20,18,21,29,17,1,22,16,23,31,15,1
p2_077,3,C,b,20,31,19,17,18,3,16,29,14,15,13,1,12,3
p2_078,3,L,f,9,29,10,12,11,3,13,31,15,14,16,1,17,3
p2_078,2,R,b,23,31,22,20,21,29,19,3,17,18,16,1,15,4
p2_078,3,C,a,12,31,1,17,20,16,29,19,3,13,18,14,15,2
p2_078,2,L,m,13,31,14,12,15,1,11,3,16,10,17,29,9,1
p2_079,3,L,a,31,1,15,17,3,9,14,13,29,16,10,11,12,2
p2_079,3,C,f,12,3,13,15,14,29,16,1,18,17,19,31,20,3
p2_079,2,C,b,20,1,19,17,18,29,16,31,14,15,13,3,12,4
p2_079,2,R,m,19,3,20,18,21,31,17,1,22,16,23,29,15,1
p2_080,3,R,a,1,21,18,29,17,3,16,31,15,20,23,22,19,2
p2_080,2,R,f,15,29,16,18,17,3,19,31,21,20,22,1,23,3
p2_080,2,C,m,16,3,15,17,14,1,18,29,13,19,12,31,20,4
p2_080,3,L,b,17,3,16,14,15,1,13,29,11,12,10,31,9,1
p2_081,2,C,f,12,1,13,15,14,29,16,31,18,17,19,3,20,4
p2_081,3,R,b,23,3,22,20,21,31,19,1,17,18,16,29,15,1
p2_081,2,L,a,9,29,16,3,12,14,10,1,13,11,15,17,31,3
p2_081,3,C,m,16,1,17,15,18,29,14,3,19,13,20,31,12,2
p2_082,3,R,f,15,29,16,18,17,31,19,3,21,20,22,1,23,4
p2_082,2,L,b,17,31,16,14,15,3,13,29,11,12,10,1,9,3
p2_082,2,C,a,29,13,31,19,1,16,3,18,15,20,12,14,17,1
p2_082,3,L,m,13,3,14,12,15,1,11,31,16,10,17,29,9,2
p2_083,3,C,b,20,29,19,17,18,31,16,1,14,15,13,3,12,2
p2_083,2,R,a,17,22,19,3,16,21,18,1,20,23,15,31,29,3
p2_083,2,L,f,9,1,10,12,11,31,13,29,15,14,16,3,17,4
p2_083,3,R,m,19,31,18,20,17,3,21,29,16,22,15,1,23,1
p2_084,2,L,m,13,3,12,14,11,31,15,29,10,16,9,1,17,4
p2_084,2,R,b,23,31,22,20,21,3,19,29,17,18,16,1,15,2
p2_084,3,L,f,9,29,10,12,11,1,13,31,15,14,16,3,17,3
p2_084,3,C,a,16,31,13,14,12,3,18,17,15,1,20,19,29,1
p2_085,3,R,a,31,16,15,17,18,1,19,29,23,22,21,20,3,1
p2_085,2,C,m,16,3,15,17,14,31,18,29,13,19,12,1,20,2
p2_085,2,R,f,15,1,16,18,17,29,19,31,21,20,22,3,23,4
p2_085,3,L,b,17,31,16,14,15,1,13,29,11,12,10,3,9,3
p2_086,3,C,f,12,31,13,15,14,29,16,3,18,17,19,1,20,4
p2_086,2,C,b,20,31,19,17,18,3,16,29,14,15,13,1,12,2
p2_086,2,R,m,19,29,20,18,21,3,17,1,22,16,23,31,15,3
p2_086,3,L,a,29,15,13,9,14,12,17,1,31,10,16,11,3,1
p2_087,3,C,m,16,3,17,15,18,29,14,31,19,13,20,1,12,1
p2_087,2,L,a,17,14,13,11,15,9,29,16,10,1,12,31,3,2
p2_087,3,R,b,23,3,22,20,21,29,19,1,17,18,16,31,15,3
p2_087,2,C,f,12,3,13,15,14,1,16,31,18,17,19,29,20,4
p2_088,2,L,m,13,3,14,12,15,1,11,29,16,10,17,31,9,3
p2_088,3,C,a,29,13,20,3,12,31,15,17,19,14,1,16,18,2
p2_088,3,L,f,9,31,10,12,11,3,13,29,15,14,16,1,17,1
p2_088,2,R,b,23,31,22,20,21,3,19,1,17,18,16,29,15,4
p2_089,3,L,m,13,31,12,14,11,29,15,3,10,16,9,1,17,1
p2_089,2,L,b,17,29,16,14,15,1,13,31,11,12,10,3,9,4
p2_089,3,R,f,15,3,16,18,17,1,19,31,21,20,22,29,23,2
p2_089,2,C,a,20,17,19,14,13,1,3,12,29,31,15,16,18,3
p2_090,2,R,f,15,3,16,18,17,1,19,29,21,20,22,31,23,1
p2_090,3,L,b,17,29,16,14,15,31,13,3,11,12,10,1,9,3
p2_090,2,C,m,16,31,15,17,14,3,18,29,13,19,12,1,20,4
p2_090,3,R,a,18,1,29,15,21,16,17,23,3,31,22,19,20,2
p2_091,3,L,a,29,14,31,15,10,1,17,3,9,12,16,13,11,1
p2_091,2,R,m,19,31,20,18,21,3,17,29,22,16,23,1,15,2
p2_091,3,C,f,12,31,13,15,14,29,16,3,18,17,19,1,20,3
p2_091,2,C,b,20,3,19,17,18,29,16,31,14,15,13,1,12,4
p2_092,3,C,m,16,1,15,17,14,31,18,29,13,19,12,3,20,1
p2_092,3,R,b,23,1,22,20,21,29,19,31,17,18,16,3,15,2
p2_092,2,L,a,31,13,14,17,1,15,12,16,3,29,10,9,11,3
p2_092,2,C,f,12,1,13,15,14,3,16,31,18,17,19,29,20,4
p2_093,3,R,m,19,29,20,18,21,1,17,3,22,16,23,31,15,2
p2_093,2,L,f,9,31,10,12,11,3,13,29,15,14,16,1,17,1
p2_093,2,R,a,15,3,22,1,21,17,29,18,16,19,31,20,23,3
p2_093,3,C,b,20,3,19,17,18,31,16,29,14,15,13,1,12,4
p2_094,2,L,b,17,1,16,14,15,31,13,3,11,12,10,29,9,1
p2_094,3,L,m,13,3,14,12,15,1,11,31,16,10,17,29,9,4
p2_094,2,C,a,29,14,16,13,3,19,15,31,12,20,18,1,17,2
p2_094,3,R,f,15,29,16,18,17,31,19,3,21,20,22,1,23,3
p2_095,2,C,m,16,29,17,15,18,1,14,31,19,13,20,3,12,1
p2_095,2,R,f,15,29,16,18,17,3,19,31,21,20,22,1,23,3
p2_095,3,L,b,17,1,16,14,15,3,13,29,11,12,10,31,9,4
p2_095,3,R,a,29,3,22,19,17,23,18,21,15,31,20,16,1,2
p2_096,2,C,f,12,1,13,15,14,3,16,29,18,17,19,31,20,3
p2_096,3,R,b,23,1,22,20,21,31,19,3,17,18,16,29,15,2
p2_096,3,C,m,16,29,15,17,14,31,18,3,13,19,12,1,20,4
p2_096,2,L,a,17,14,15,16,1,13,31,12,3,9,10,11,29,1
p2_097,2,L,m,13,29,12,14,11,1,15,3,10,16,9,31,17,2
p2_097,3,L,f,9,31,10,12,11,3,13,1,15,14,16,29,17,3
p2_097,3,C,a,12,19,29,17,3,1,18,13,14,15,20,31,16,1
p2_097,2,R,b,23,1,22,20,21,29,19,3,17,18,16,31,15,4
p2_098,3,R,a,17,23,3,31,20,21,1,18,29,15,19,22,16,1
p2_098,2,C,m,16,29,15,17,14,3,18,31,13,19,12,1,20,2
p2_098,2,R,f,15,1,16,18,17,3,19,29,21,20,22,31,23,4
p2_098,3,L,b,17,1,16,14,15,31,13,3,11,12,10,29,9,3
p2_099,2,L,m,13,29,12,14,11,31,15,1,10,16,9,3,17,4
p2_099,3,C,a,15,14,3,20,16,17,31,12,18,29,19,13,1,3
p2_099,3,L,f,9,1,10,12,11,29,13,3,15,14,16,31,17,1
p2_099,2,R,b,23,1,22,20,21,3,19,31,17,18,16,29,15,2
p2_100,2,L,b,17,31,16,14,15,3,13,1,11,12,10,29,9,4
p2_100,3,L,m,13,1,14,12,15,31,11,29,16,10,17,3,9,1
p2_100,3,R,f,15,31,16,18,17,29,19,3,21,20,22,1,23,2
p2_100,2,C,a,14,16,3,31,1,17,19,15,29,20,12,18,13,3
p2_101,3,C,b,20,31,19,17,18,1,16,29,14,15,13,3,12,4
p2_101,2,R,a,17,29,1,23,16,19,31,18,15,21,20,22,3,1
p2_101,3,R,m,19,31,18,20,17,1,21,3,16,22,15,29,23,2
p2_101,2,L,f,9,31,10,12,11,3,13,29,15,14,16,1,17,3
p2_102,3,L,a,11,31,12,15,1,9,17,10,16,14,13,3,29,3
p2_102,3,C,f,12,3,13,15,14,1,16,31,18,17,19,29,20,2
p2_102,2,R,m,19,1,18,20,17,29,21,3,16,22,15,31,23,4
p2_102,2,C,b,20,31,19,17,18,29,16,3,14,15,13,1,12,1
p2_103,2,R,a,1,31,17,20,15,16,18,21,29,19,22,3,23,3
p2_103,2,L,f,9,29,10,12,11,31,13,1,15,14,16,3,17,2
p2_103,3,R,m,19,3,18,20,17,29,21,1,16,22,15,31,23,4
p2_103,3,C,b,20,29,19,17,18,3,16,31,14,15,13,1,12,1
p2_104,2,C,f,12,31,13,15,14,29,16,1,18,17,19,3,20,3
p2_104,3,C,m,16,3,17,15,18,29,14,31,19,13,20,1,12,2
p2_104,2,L,a,9,3,16,15,31,29,11,12,14,1,17,13,10,4
p2_104,3,R,b,23,1,22,20,21,29,19,31,17,18,16,3,15,1
p2_105,3,R,a,3,23,20,21,31,22,15,17,16,29,18,1,19,1
p2_105,2,C,m,16,3,17,15,18,31,14,29,19,13,20,1,12,3
p2_105,2,R,f,15,3,16,18,17,29,19,1,21,20,22,31,23,2
p2_105,3,L,b,17,29,16,14,15,3,13,1,11,12,10,31,9,4
p2_106,2,L,a,31,3,16,14,11,1,17,9,12,15,29,10,13,2
p2_106,2,C,f,12,1,13,15,14,29,16,31,18,17,19,3,20,1
p2_106,3,R,b,23,3,22,20,21,29,19,31,17,18,16,1,15,4
p2_106,3,C,m,16,1,17,15,18,3,14,31,19,13,20,29,12,3
p2_107,3,C,a,20,14,17,3,12,15,31,18,29,1,16,19,13,1
p2_107,2,R,b,23,29,22,20,21,1,19,31,17,18,16,3,15,3
p2_107,2,L,m,13,3,12,14,11,31,15,29,10,16,9,1,17,4
p2_107,3,L,f,9,3,10,12,11,29,13,31,15,14,16,1,17,2
p2_108,2,C,m,16,1,15,17,14,3,18,29,13,19,12,31,20,3
p2_108,3,L,b,17,1,16,14,15,29,13,31,11,12,10,3,9,2
p2_108,2,R,f,15,31,16,18,17,1,19,3,21,20,22,29,23,4
p2_108,3,R,a,1,22,31,18,17,29,16,20,3,15,21,23,19,1
p2_109,3,R,m,19,29,20,18,21,31,17,3,22,16,23,1,15,4
p2_109,2,L,f,9,29,10,12,11,1,13,31,15,14,16,3,17,1
p2_109,2,R,a,1,15,19,3,23,16,29,17,22,20,31,21,18,2
p2_109,3,C,b,20,29,19,17,18,3,16,1,14,15,13,31,12,3
p2_110,3,L,a,9,29,10,11,12,1,14,17,13,16,3,15,31,1
p2_110,2,C,b,20,31,19,17,18,1,16,3,14,15,13,29,12,2
p2_110,3,C,f,12,29,13,15,14,31,16,3,18,17,19,1,20,3
p2_110,2,R,m,19,31,20,18,21,29,17,3,22,16,23,1,15,4
p2_111,2,L,a,12,3,13,14,10,29,15,1,11,31,16,17,9,4
p2_111,3,C,m,16,29,17,15,18,3,14,1,19,13,20,31,12,1
p2_111,3,R,b,23,1,22,20,21,3,19,29,17,18,16,31,15,3
p2_111,2,C,f,12,3,13,15,14,31,16,29,18,17,19,1,20,2
p2_112,2,R,b,23,3,22,20,21,31,19,29,17,18,16,1,15,2
p2_112,3,L,f,9,1,10,12,11,29,13,3,15,14,16,31,17,4
p2_112,3,C,a,1,31,12,18,16,29,15,14,3,17,19,13,20,3
p2_112,2,L,m,13,31,14,12,15,29,11,3,16,10,17,1,9,1
p2_113,2,C,a,15,1,16,3,14,13,29,12,18,17,31,19,20,4
p2_113,3,L,m,13,3,12,14,11,31,15,1,10,16,9,29,17,1
p2_113,3,R,f,15,29,16,18,17,31,19,3,21,20,22,1,23,2
p2_113,2,L,b,17,29,16,14,15,3,13,1,11,12,10,31,9,3
p2_114,2,C,f,12,29,13,15,14,3,16,1,18,17,19,31,20,3
p2_114,3,C,m,16,1,15,17,14,31,18,3,13,19,12,29,20,1
p2_114,2,L,a,11,9,3,10,12,1,31,14,29,16,17,13,15,2
p2_114,3,R,b,23,29,22,20,21,1,19,3,17,18,16,31,15,4
p2_115,2,R,a,17,16,3,23,31,18,22,29,19,1,21,20,15,1
p2_115,2,L,f,9,3,10,12,11,29,13,31,15,14,16,1,17,4
p2_115,3,C,b,20,29,19,17,18,3,16,1,14,15,13,31,12,3
p2_115,3,R,m,19,3,18,20,17,1,21,31,16,22,15,29,23,2
p2_116,2,R,b,23,29,22,20,21,3,19,31,17,18,16,1,15,2
p2_116,3,L,f,9,29,10,12,11,1,13,31,15,14,16,3,17,4
p2_116,2,L,m,13,29,12,14,11,31,15,1,10,16,9,3,17,3
p2_116,3,C,a,3,14,29,18,17,13,12,1,16,15,19,31,20,1
p2_117,2,L,f,9,29,10,12,11,3,13,31,15,14,16,1,17,4
p2_117,2,R,a,15,1,3,18,19,16,17,20,29,22,23,21,31,1
p2_117,3,R,m,19,31,20,18,21,29,17,1,22,16,23,3,15,3
p2_117,3,C,b,20,1,19,17,18,31,16,29,14,15,13,3,12,2
p2_118,2,L,b,17,1,16,14,15,29,13,31,11,12,10,3,9,4
p2_118,3,L,m,13,31,12,14,11,3,15,29,10,16,9,1,17,2
p2_118,3,R,f,15,29,16,18,17,31,19,3,21,20,22,1,23,1
p2_118,2,C,a,16,14,31,13,1,18,3,29,15,12,17,19,20,3
p2_119,2,R,f,15,1,16,18,17,29,19,31,21,20,22,3,23,3
p2_119,3,L,b,17,29,16,14,15,31,13,3,11,12,10,1,9,2
p2_119,2,C,m,16,3,15,17,14,1,18,31,13,19,12,29,20,1
p2_119,3,R,a,21,17,16,18,29,15,31,3,20,22,23,1,19,4
p2_120,3,L,a,9,10,16,1,17,31,29,11,12,3,15,13,14,4
p2_120,2,C,b,20,3,19,17,18,31,16,29,14,15,13,1,12,2
p2_120,2,R,m,19,29,20,18,21,31,17,3,22,16,23,1,15,1
p2_120,3,C,f,12,1,13,15,14,31,16,3,18,17,19,29,20,3
p2_121,3,R,b,23,29,22,20,21,1,19,3,17,18,16,31,15,3
p2_121,2,L,a,9,1,31,17,29,16,13,15,3,11,14,12,10,4
p2_121,3,C,m,16,1,17,15,18,31,14,29,19,13,20,3,12,1
p2_121,2,C,f,12,1,13,15,14,29,16,31,18,17,19,3,20,2
p2_122,3,R,f,15,29,16,18,17,31,19,1,21,20,22,3,23,3
p2_122,3,L,m,13,1,14,12,15,31,11,29,16,10,17,3,9,1
p2_122,2,C,a,20,29,12,15,18,19,14,1,13,16,17,3,31,2
p2_122,2,L,b,17,31,16,14,15,3,13,29,11,12,10,1,9,4
p2_123,2,R,b,23,1,22,20,21,3,19,29,17,18,16,31,15,3
p2_123,3,L,f,9,29,10,12,11,3,13,31,15,14,16,1,17,4
p2_123,3,C,a,14,3,29,15,18,12,17,20,31,1,19,16,13,2
p2_123,2,L,m,13,1,12,14,11,29,15,3,10,16,9,31,17,1
p2_124,3,C,f,12,3,13,15,14,31,16,1,18,17,19,29,20,3
p2_124,2,C,b,20,29,19,17,18,1,16,3,14,15,13,31,12,1
p2_124,2,R,m,19,31,20,18,21,1,17,29,22,16,23,3,15,2
p2_124,3,L,a,1,9,13,12,29,16,17,14,15,31,3,10,11,4
p2_125,2,R,b,23,3,22,20,21,31,19,29,17,18,16,1,15,2
p2_125,3,L,f,9,1,10,12,11,29,13,3,15,14,16,31,17,4
p2_125,3,C,a,12,14,31,13,1,16,3,15,18,17,19,29,20,3
p2_125,2,L,m,13,31,14,12,15,29,11,3,16,10,17,1,9,1
p2_126,2,L,a,17,14,9,13,15,1,3,29,16,31,12,11,10,4
p2_126,3,C,m,16,29,17,15,18,3,14,1,19,13,20,31,12,1
p2_126,3,R,b,23,1,22,20,21,3,19,29,17,18,16,31,15,3
p2_126,2,C,f,12,3,13,15,14,31,16,29,18,17,19,1,20,2
p2_127,2,C,a,14,16,15,12,13,17,31,18,1,3,19,20,29,4
p2_127,3,L,m,13,29,14,12,15,3,11,1,16,10,17,31,9,1
p2_127,3,R,f,15,1,16,18,17,3,19,29,21,20,22,31,23,3
p2_127,2,L,b,17,3,16,14,15,31,13,29,11,12,10,1,9,2
p2_128,3,C,b,20,3,19,17,18,31,16,29,14,15,13,1,12,2
p2_128,3,R,m,19,1,20,18,21,29,17,3,22,16,23,31,15,4
p2_128,2,R,a,31,23,21,22,3,20,19,17,1,16,18,15,29,3
p2_128,2,L,f,9,1,10,12,11,3,13,29,15,14,16,31,17,1
p2_129,3,R,a,15,3,31,22,1,16,20,19,29,21,18,17,23,1
p2_129,2,C,m,16,29,15,17,14,3,18,31,13,19,12,1,20,2
p2_129,2,R,f,15,1,16,18,17,3,19,29,21,20,22,31,23,4
p2_129,3,L,b,17,1,16,14,15,31,13,3,11,12,10,29,9,3
p2_130,2,L,m,13,29,12,14,11,31,15,1,10,16,9,3,17,4
p2_130,3,C,a,17,13,20,1,18,3,12,14,29,15,31,19,16,3
p2_130,3,L,f,9,1,10,12,11,29,13,3,15,14,16,31,17,1
p2_130,2,R,b,23,1,22,20,21,3,19,31,17,18,16,29,15,2
p2_131,2,R,m,19,29,20,18,21,1,17,3,22,16,23,31,15,1
p2_131,3,L,a,11,1,10,9,29,12,31,13,15,16,14,3,17,2
p2_131,3,C,f,12,29,13,15,14,1,16,31,18,17,19,3,20,4
p2_131,2,C,b,20,3,19,17,18,31,16,29,14,15,13,1,12,3
p2_132,2,L,b,17,31,16,14,15,3,13,1,11,12,10,29,9,4
p2_132,3,L,m,13,1,14,12,15,31,11,29,16,10,17,3,9,1
p2_132,3,R,f,15,31,16,18,17,29,19,3,21,20,22,1,23,2
p2_132,2,C,a,16,12,18,1,31,13,14,17,3,29,19,20,15,3
p2_133,3,C,b,20,31,19,17,18,1,16,29,14,15,13,3,12,4
p2_133,2,R,a,16,22,1,20,17,21,23,19,31,15,29,18,3,1
p2_133,3,R,m,19,31,18,20,17,1,21,3,16,22,15,29,23,2
p2_133,2,L,f,9,31,10,12,11,3,13,29,15,14,16,1,17,3
p2_134,3,L,b,17,1,16,14,15,29,13,3,11,12,10,31,9,2
p2_134,3,R,a,15,16,17,3,19,29,31,18,23,21,20,1,22,1
p2_134,2,R,f,15,31,16,18,17,29,19,1,21,20,22,3,23,3
p2_134,2,C,m,16,3,15,17,14,29,18,31,13,19,12,1,20,4
p2_135,2,L,m,13,29,12,14,11,1,15,31,10,16,9,3,17,3
p2_135,2,R,b,23,3,22,20,21,31,19,29,17,18,16,1,15,4
p2_135,3,L,f,9,3,10,12,11,1,13,31,15,14,16,29,17,1
p2_135,3,C,a,18,31,20,15,3,14,13,16,1,19,29,17,12,2
p2_136,2,R,a,31,19,3,18,17,1,20,16,22,21,23,29,15,1
p2_136,2,L,f,9,3,10,12,11,29,13,31,15,14,16,1,17,4
p2_136,3,C,b,20,29,19,17,18,3,16,1,14,15,13,31,12,3
p2_136,3,R,m,19,3,18,20,17,1,21,31,16,22,15,29,23,2
p2_137,2,C,a,20,15,31,14,13,18,3,16,1,19,17,29,12,4
p2_137,3,L,m,13,3,12,14,11,31,15,1,10,16,9,29,17,1
p2_137,3,R,f,15,29,16,18,17,31,19,3,21,20,22,1,23,2
p2_137,2,L,b,17,29,16,14,15,3,13,1,11,12,10,31,9,3
p2_138,2,C,f,12,31,13,15,14,1,16,29,18,17,19,3,20,1
p2_138,3,C,m,16,29,15,17,14,3,18,1,13,19,12,31,20,2
p2_138,2,L,a,15,1,3,9,14,10,31,13,29,11,16,12,17,3
p2_138,3,R,b,23,29,22,20,21,31,19,3,17,18,16,1,15,4
p2_139,3,C,f,12,3,13,15,14,1,16,31,18,17,19,29,20,2
p2_139,2,C,b,20,29,19,17,18,31,16,1,14,15,13,3,12,3
p2_139,3,L,a,29,3,1,14,17,9,13,10,16,12,15,31,11,1
p2_139,2,R,m,19,31,18,20,17,1,21,29,16,22,15,3,23,4
p2_140,3,C,a,12,31,3,20,14,18,29,13,17,15,19,1,16,2
p2_140,2,L,m,13,29,14,12,15,3,11,31,16,10,17,1,9,4
p2_140,2,R,b,23,29,22,20,21,3,19,31,17,18,16,1,15,3
p2_140,3,L,f,9,29,10,12,11,3,13,1,15,14,16,31,17,1
p2_141,2,L,b,17,31,16,14,15,3,13,29,11,12,10,1,9,3
p2_141,3,R,f,15,31,16,18,17,29,19,3,21,20,22,1,23,4
p2_141,2,C,a,3,12,16,1,17,31,29,19,15,14,20,13,18,2
p2_141,3,L,m,13,31,14,12,15,29,11,1,16,10,17,3,9,1
p2_142,2,L,f,9,29,10,12,11,3,13,31,15,14,16,1,17,3
p2_142,3,C,b,20,1,19,17,18,3,16,29,14,15,13,31,12,4
p2_142,3,R,m,19,31,18,20,17,3,21,1,16,22,15,29,23,2
p2_142,2,R,a,17,21,22,29,23,18,3,31,19,15,16,20,1,1
p2_143,2,C,m,16,1,17,15,18,31,14,29,19,13,20,3,12,2
p2_143,2,R,f,15,1,16,18,17,31,19,3,21,20,22,29,23,3
p2_143,3,R,a,29,31,15,20,19,3,21,16,1,23,18,22,17,4
p2_143,3,L,b,17,1,16,14,15,29,13,31,11,12,10,3,9,1
p2_144,2,R,b,23,29,22,20,21,3,19,31,17,18,16,1,15,2
p2_144,2,L,m,13,1,14,12,15,3,11,29,16,10,17,31,9,4
p2_144,3,L,f,9,29,10,12,11,1,13,3,15,14,16,31,17,3
p2_144,3,C,a,18,3,31,12,14,15,13,16,17,20,19,29,1,1
p2_145,3,R,f,15,3,16,18,17,31,19,29,21,20,22,1,23,4
p2_145,2,L,b,17,1,16,14,15,29,13,3,11,12,10,31,9,1
p2_145,2,C,a,13,31,15,18,14,17,12,1,29,3,19,16,20,2
p2_145,3,L,m,13,31,14,12,15,29,11,1,16,10,17,3,9,3
p2_146,3,C,b,20,29,19,17,18,31,16,1,14,15,13,3,12,1
p2_146,2,L,f,9,31,10,12,11,3,13,1,15,14,16,29,17,3
p2_146,3,R,m,19,29,20,18,21,3,17,31,22,16,23,1,15,2
p2_146,2,R,a,19,1,16,29,3,18,17,21,15,23,31,22,20,4
p2_147,3,L,a,31,3,10,1,16,12,13,29,11,9,15,14,17,4
p2_147,2,C,b,20,1,19,17,18,3,16,29,14,15,13,31,12,2
p2_147,3,C,f,12,3,13,15,14,29,16,1,18,17,19,31,20,1
p2_147,2,R,m,19,31,18,20,17,1,21,3,16,22,15,29,23,3
p2_148,3,C,a,13,18,29,20,12,1,19,15,16,14,17,31,3,3
p2_148,2,L,m,13,31,14,12,15,3,11,29,16,10,17,1,9,1
p2_148,3,L,f,9,31,10,12,11,1,13,3,15,14,16,29,17,4
p2_148,2,R,b,23,29,22,20,21,31,19,1,17,18,16,3,15,2
p2_149,2,R,a,23,15,19,31,21,1,29,16,17,22,20,18,3,4
p2_149,3,C,b,20,29,19,17,18,3,16,1,14,15,13,31,12,1
p2_149,3,R,m,19,1,20,18,21,3,17,29,22,16,23,31,15,3
p2_149,2,L,f,9,3,10,12,11,31,13,29,15,14,16,1,17,2
p2_150,3,L,m,13,31,12,14,11,3,15,29,10,16,9,1,17,1
p2_150,2,L,b,17,31,16,14,15,3,13,29,11,12,10,1,9,3
p2_150,3,R,f,15,31,16,18,17,29,19,1,21,20,22,3,23,2
p2_150,2,C,a,1,14,18,31,12,16,19,3,13,20,15,17,29,4
p2_151,2,R,f,15,3,16,18,17,31,19,29,21,20,22,1,23,2
p2_151,3,L,b,17,1,16,14,15,29,13,3,11,12,10,31,9,4
p2_151,3,R,a,19,3,16,20,17,31,15,23,21,1,18,22,29,3
p2_151,2,C,m,16,31,17,15,18,29,14,3,19,13,20,1,12,1
p2_152,3,L,a,3,10,31,17,29,11,9,12,15,1,14,16,13,4
p2_152,2,R,m,19,3,18,20,17,31,21,1,16,22,15,29,23,1
p2_152,3,C,f,12,29,13,15,14,31,16,3,18,17,19,1,20,2
p2_152,2,C,b,20,29,19,17,18,3,16,1,14,15,13,31,12,3
p2_153,2,L,a,17,10,29,3,31,14,12,9,15,1,13,16,11,1
p2_153,2,C,f,12,3,13,15,14,29,16,31,18,17,19,1,20,4
p2_153,3,C,m,16,1,15,17,14,29,18,31,13,19,12,3,20,3
p2_153,3,R,b,23,29,22,20,21,31,19,3,17,18,16,1,15,2
p2_154,3,C,a,3,16,29,19,13,31,20,17,18,1,14,12,15,2
p2_154,3,L,f,9,1,10,12,11,29,13,31,15,14,16,3,17,1
p2_154,2,L,m,13,3,14,12,15,1,11,29,16,10,17,31,9,3
p2_154,2,R,b,23,3,22,20,21,1,19,31,17,18,16,29,15,4
p2_155,3,R,f,15,3,16,18,17,1,19,31,21,20,22,29,23,2
p2_155,2,L,b,17,29,16,14,15,31,13,1,11,12,10,3,9,3
p2_155,2,C,a,31,16,15,20,13,29,19,14,3,12,18,1,17,1
p2_155,3,L,m,13,31,12,14,11,1,15,29,10,16,9,3,17,4
p2_156,3,L,b,17,31,16,14,15,1,13,3,11,12,10,29,9,2
p2_156,2,R,f,15,31,16,18,17,1,19,29,21,20,22,3,23,1
p2_156,3,R,a,31,15,19,23,1,29,3,16,17,20,22,21,18,4
p2_156,2,C,m,16,3,15,17,14,31,18,29,13,19,12,1,20,3
p2_157,2,L,f,9,31,10,12,11,1,13,29,15,14,16,3,17,1
p2_157,3,C,b,20,3,19,17,18,1,16,31,14,15,13,29,12,2
p2_157,2,R,a,15,3,1,17,23,29,22,18,19,20,21,31,16,3
p2_157,3,R,m,19,1,18,20,17,29,21,31,16,22,15,3,23,4
p2_158,2,C,b,20,3,19,17,18,1,16,29,14,15,13,31,12,1
p2_158,2,R,m,19,3,20,18,21,29,17,1,22,16,23,31,15,3
p2_158,3,L,a,31,9,13,29,10,14,16,3,1,11,17,12,15,4
p2_158,3,C,f,12,1,13,15,14,31,16,29,18,17,19,3,20,2
p2_159,2,L,m,13,1,14,12,15,31,11,29,16,10,17,3,9,2
p2_159,2,R,b,23,1,22,20,21,31,19,3,17,18,16,29,15,3
p2_159,3,C,a,29,20,12,18,3,17,13,31,14,1,19,15,16,4
p2_159,3,L,f,9,1,10,12,11,29,13,31,15,14,16,3,17,1
p2_160,2,L,f,9,29,10,12,11,1,13,31,15,14,16,3,17,2
p2_160,2,R,a,16,3,23,22,20,17,15,21,18,31,19,29,1,3
p2_160,3,C,b,20,31,19,17,18,1,16,3,14,15,13,29,12,1
p2_160,3,R,m,19,29,20,18,21,3,17,31,22,16,23,1,15,4
p2_161,3,R,b,23,3,22,20,21,31,19,29,17,18,16,1,15,4
p2_161,2,C,f,12,1,13,15,14,29,16,3,18,17,19,31,20,1
p2_161,2,L,a,13,3,16,15,9,11,10,17,14,1,31,12,29,2
p2_161,3,C,m,16,31,17,15,18,29,14,1,19,13,20,3,12,3
p2_162,3,R,f,15,1,16,18,17,3,19,31,21,20,22,29,23,4
p2_162,2,C,a,18,29,12,3,1,20,17,13,15,14,16,19,31,1
p2_162,3,L,m,13,29,14,12,15,3,11,1,16,10,17,31,9,3
p2_162,2,L,b,17,31,16,14,15,3,13,1,11,12,10,29,9,2
p2_163,2,R,b,23,29,22,20,21,31,19,1,17,18,16,3,15,1
p2_163,2,L,m,13,31,14,12,15,3,11,1,16,10,17,29,9,3
p2_163,3,L,f,9,29,10,12,11,3,13,31,15,14,16,1,17,2
p2_163,3,C,a,15,14,16,13,3,18,20,29,17,31,1,12,19,4
p2_164,3,C,b,20,29,19,17,18,31,16,3,14,15,13,1,12,4
p2_164,3,R,m,19,1,20,18,21,29,17,3,22,16,23,31,15,2
p2_164,2,R,a,3,17,20,29,15,16,22,19,31,1,21,18,23,1
p2_164,2,L,f,9,3,10,12,11,31,13,29,15,14,16,1,17,3
p2_165,3,R,a,22,20,23,1,19,15,31,16,3,17,18,21,29,3
p2_165,3,L,b,17,29,16,14,15,3,13,1,11,12,10,31,9,1
p2_165,2,R,f,15,29,16,18,17,1,19,31,21,20,22,3,23,2
p2_165,2,C,m,16,31,15,17,14,3,18,29,13,19,12,1,20,4
p2_166,3,L,f,9,1,10,12,11,3,13,29,15,14,16,31,17,4
p2_166,2,R,b,23,29,22,20,21,1,19,3,17,18,16,31,15,1
p2_166,2,L,m,13,1,14,12,15,31,11,29,16,10,17,3,9,3
p2_166,3,C,a,3,20,14,1,29,31,13,19,18,12,15,17,16,2
p2_167,3,C,m,16,31,15,17,14,3,18,29,13,19,12,1,20,1
p2_167,2,C,f,12,31,13,15,14,3,16,29,18,17,19,1,20,3
p2_167,3,R,b,23,31,22,20,21,29,19,1,17,18,16,3,15,2
p2_167,2,L,a,12,9,29,1,15,3,17,16,10,11,31,14,13,4
p2_168,3,L,m,13,29,12,14,11,1,15,31,10,16,9,3,17,1
p2_168,3,R,f,15,29,16,18,17,31,19,3,21,20,22,1,23,4
p2_168,2,C,a,14,3,18,16,17,19,29,31,13,12,20,15,1,2
p2_168,2,L,b,17,1,16,14,15,31,13,3,11,12,10,29,9,3
p2_169,2,L,f,9,29,10,12,11,3,13,1,15,14,16,31,17,3
p2_169,3,C,b,20,3,19,17,18,29,16,1,14,15,13,31,12,1
p2_169,2,R,a,20,15,31,23,22,21,3,29,1,16,17,18,19,2
p2_169,3,R,m,19,1,20,18,21,3,17,29,22,16,23,31,15,4
p2_170,2,R,f,15,29,16,18,17,3,19,31,21,20,22,1,23,2
p2_170,3,L,b,17,29,16,14,15,1,13,31,11,12,10,3,9,4
p2_170,2,C,m,16,29,15,17,14,31,18,1,13,19,12,3,20,3
p2_170,3,R,a,1,19,20,29,31,18,21,17,16,23,3,22,15,1
p2_171,2,C,f,12,29,13,15,14,3,16,31,18,17,19,1,20,4
p2_171,2,L,a,15,16,1,10,13,29,11,17,31,9,12,3,14,1
p2_171,3,R,b,23,29,22,20,21,1,19,3,17,18,16,31,15,3
p2_171,3,C,m,16,3,15,17,14,1,18,29,13,19,12,31,20,2
p2_172,2,C,b,20,1,19,17,18,29,16,31,14,15,13,3,12,4
p2_172,2,R,m,19,31,18,20,17,3,21,29,16,22,15,1,23,2
p2_172,3,C,f,12,29,13,15,14,31,16,3,18,17,19,1,20,1
p2_172,3,L,a,11,3,9,10,1,29,13,12,16,14,31,15,17,3
p2_173,3,R,m,19,3,18,20,17,31,21,1,16,22,15,29,23,3
p2_173,2,R,a,22,23,3,31,19,15,1,18,16,20,21,29,17,4
p2_173,3,C,b,20,3,19,17,18,29,16,1,14,15,13,31,12,1
p2_173,2,L,f,9,1,10,12,11,3,13,29,15,14,16,31,17,2
p2_174,3,R,a,22,3,1,23,17,29,31,16,21,15,18,20,19,4
p2_174,2,R,f,15,29,16,18,17,3,19,1,21,20,22,31,23,1
p2_174,3,L,b,17,1,16,14,15,29,13,31,11,12,10,3,9,3
p2_174,2,C,m,16,29,15,17,14,3,18,31,13,19,12,1,20,2
p2_175,3,C,a,13,31,18,15,1,14,16,20,17,19,29,12,3,1
p2_175,2,L,m,13,31,12,14,11,29,15,1,10,16,9,3,17,4
p2_175,2,R,b,23,29,22,20,21,31,19,3,17,18,16,1,15,3
p2_175,3,L,f,9,31,10,12,11,29,13,3,15,14,16,1,17,2
p2_176,2,C,a,16,20,29,17,12,19,31,18,15,3,14,1,13,3
p2_176,3,R,f,15,1,16,18,17,29,19,31,21,20,22,3,23,4
p2_176,2,L,b,17,1,16,14,15,3,13,31,11,12,10,29,9,1
p2_176,3,L,m,13,1,12,14,11,29,15,31,10,16,9,3,17,2
p2_177,3,L,b,17,3,16,14,15,31,13,29,11,12,10,1,9,1
p2_177,2,R,f,15,29,16,18,17,3,19,1,21,20,22,31,23,2
p2_177,3,R,a,17,21,22,3,31,29,15,23,16,20,18,19,1,3
p2_177,2,C,m,16,1,15,17,14,3,18,29,13,19,12,31,20,4
